Index,Profile Id,Name,age,deposit 
1,A46345334,John Smith,82,79272
2,A46345335,Paul Smith,21,116475
3,A46345336,John Shaw,41,67965
4,A46345337,Lissa Smith,58,54132.8
5,A46345338,Daniel Smith,44,1740
6,A46345339,Tayla Paul,57,59400
7,A46345340,Paul,84,6715
8,A46345341,nan,68,53628
9,A46345342,tim,35,0
10,A46345343,tiks,47,0
11,A46345344,rch,33,25140
12,A46345345,MAK,37,0
13,A46345346,MAY,53,0
14,A46345347,Dani,59,0
15,A46345348,JPD,21,0
16,A46345349,PLSD,41,0
17,A46345350,PLPS,59,15000
18,A46345351,Md uk,58,3806.4
19,A46345352,jye,41,80901
20,A46345353,mak paul,69,26173.2
21,A46345354,tom kay,64,14430
22,A46345355,Kay daul,36,12195
23,A46345356,tomy,72,26695
24,A46345357,pjk tom,37,38465
25,A46345358,,76,31195
26,A46345359,Abbey,64,7447
27,A46345360,Abby,56,15244
28,A46345361,Aberdeen,64,9
29,A46345362,Abigail,41,11871
30,A46345363,Ada,34,2594
31,A46345364,Adah,72,9844
32,A46345365,Addie,43,12487
33,A46345366,Addy,45,27730
34,A46345367,Adela,26,8334
35,A46345368,Adelaide,30,40025
36,A46345369,Adele,60,790
37,A46345370,Adelina,56,30602
38,A46345371,Adeline,20,6419
39,A46345372,Adriana,81,21827
40,A46345373,Adrienne,78,32099
41,A46345374,,45,367
42,A46345375,,84,7916
43,A46345376,Ady,25,24184
44,A46345377,Afra,20,87772
45,A46345378,Ag,56,59076
46,A46345379,Agar,40,23900
47,A46345380,Agate,52,8798
48,A46345381,Aggie,49,14348
49,A46345382,Aggis,53,44452
50,A46345383,Aggy,20,16407
51,A46345384,Agnes,78,3515
52,A46345385,Agrippina,18,55943
53,A46345386,Aileen,31,76792
54,A46345387,Ailie,68,30536
55,A46345388,Ainsley,59,876
56,A46345389,Ainslie,72,49025
57,A46345390,Alba,31,34296
58,A46345391,,60,9932
59,A46345392,,65,28544
60,A46345393,Haley,21,480
61,A46345394,Hannah,74,7986
62,A46345395,Harriet,64,16307
63,A46345396,Hattie,52,5884
64,A46345397,Hayley,38,22936
65,A46345398,Hazel,37,1487
66,A46345399,Heather,67,53059
67,A46345400,Hedwig,18,96328
68,A46345401,Helen,74,23521
69,A46345402,Helena,19,72914
70,A46345403,Helga,65,56103
71,A46345404,Henrietta,44,39111
72,A46345405,Hertha,56,34900
73,A46345406,Hester,69,7440
74,A46345407,Hilaria,19,17974
75,A46345408,,27,29140
76,A46345409,Octavia,28,46582
77,A46345410,Odette,61,22136
78,A46345411,Olga,21,3447
79,A46345412,Olive,42,34326
80,A46345413,Olivia,75,6187
81,A46345414,Olympia,40,93127
82,A46345415,Opal,55,23093
83,A46345416,Ophelia,30,26296
84,A46345417,ad,71,9241
85,A46345418,dw,53,8491
86,A46345419,Rachel,23,5209
87,A46345420,Rae,83,25661
88,A46345421,Ramona,29,12
89,A46345422,Raven,56,3949
90,A46345423,Rea,76,20746
91,A46345424,Reba,85,43020
92,A46345425,Rebecca,61,4543
93,A46345426,Rebekah,28,733
94,A46345427,Reese,57,21265
95,A46345428,Regan,28,82908
96,A46345429,Regina,29,44614
97,A46345430,Rena,25,1944
98,A46345431,Renata,26,18582
99,A46345432,Renee,72,37266
100,A46345433,Rhea,65,38356
101,A46345434,mm,58,8160
102,A46345435,aa,37,41469
103,A46345436,dd,52,18023
104,A46345437,ee,19,97286
105,A46345438,fas,18,23548
106,A46345439,lisa,20,27154
107,A46345440,lis,72,2126
108,A46345441,due,26,8910
109,A46345442,fay,38,28793
110,A46345443,kite,58,29249
111,A46345444,kate,80,82286
112,A46345445,muk,77,18706
113,A46345446,pop,77,443
114,A46345447,lop,73,39988
115,A46345448,kop,70,5450
116,A46345449,poq,47,2010
117,A46345450,pole,40,51815
118,A46345451,toy,68,90702
119,A46345452,toby,47,69776
120,A46345453,kute,80,45269
121,A46345454,cute,42,18352
122,A46345455,kite,49,4592
123,A46345456,may,83,5906
124,A46345457,mike,56,1804
125,A46345458,may ,32,23822
126,A46345459,tome,54,78121
127,A46345460,tom,62,104169
128,A46345461,tony,72,26029
129,A46345462,lisa,75,41687
130,A46345463,lik,22,29347
131,A46345464,bake,45,575
132,A46345465,black,76,31630
133,A46345466,toms,70,1013
134,A46345467,browb,81,33539
135,A46345468,owa,83,8157
136,A46345469,kim,43,51749
137,A46345470,edson,35,24151
138,A46345471,sona,47,55706
139,A46345472,diaa,54,13623
140,A46345473,fye,25,16067
141,A46345474,diia,57,34289
142,A46345475,eaw,84,554
143,A46345476,weo,82,48683
144,A46345477,wdja,25,16980
145,A46345478,jaw,64,14586
146,A46345479,jyd,44,73929
147,A46345480,yard,31,2382
148,A46345481,uda,47,59255
149,A46345482,anne,62,1419
150,A46345483,rose,49,11789
151,A46345484,rub,27,1980
152,A46345485,ana,53,19245
153,A46345486,anna,39,20309
154,A46345487,nawo,54,20686
155,A46345488,brouw,72,34095
156,A46345489,bruce,56,19381
157,A46345490,lys,33,16823
158,A46345491,lawy,35,9176
159,A46345492,fires,24,10135
160,A46345493,liiy,42,424
161,A46345494,luis,22,2129
162,A46345495,lciy,22,44701
163,A46345496,luy,42,81018
164,A46345497,lucy,79,482
165,A46345498,browb,25,22774
166,A46345499,owa,22,55838
167,A46345500,kim,52,51938
168,A46345501,edson,72,2063
169,A46345502,sona,67,28415
170,A46345503,diaa,79,11721
171,A46345504,fye,27,49888
172,A46345505,diia,49,3704
173,A46345506,eaw,53,11126
174,A46345507,weo,60,1137
175,A46345508,wdja,39,12786
176,A46345509,jaw,69,6531
177,A46345510,jyd,19,65670
178,A46345511,yard,50,19470
179,A46345512,uda,24,5295
180,A46345513,Hedwig,46,23633
181,A46345514,Helen,25,14621
182,A46345515,Helena,65,40106
183,A46345516,Helga,24,42322
184,A46345517,Henrietta,36,12043
185,A46345518,Hertha,70,2431
186,A46345519,Hester,65,15151
187,A46345520,Hilaria,33,69789
188,A46345521,,76,36008
189,A46345522,Octavia,77,40221
190,A46345523,Odette,23,32776
191,A46345524,Olga,26,34977
192,A46345525,Olive,29,45159
193,A46345526,Olivia,43,44238
194,A46345527,Olympia,52,34649
195,A46345528,Opal,28,15658
196,A46345529,Ophelia,48,18040
197,A46345530,ad,47,8605
198,A46345531,Rae,30,11651
199,A46345532,Rachel,82,38343
